npm warn Unknown env config "devdir". This will stop working in the next major version of npm. See `npm help npmrc` for supported config options.

> rovexo@1.0.0-rc.1 typecheck
> tsc --noEmit

.next/types/validator.ts(125,39): error TS2307: Cannot find module '../../app/403/page.js' or its corresponding type declarations.
.next/types/validator.ts(134,39): error TS2307: Cannot find module '../../app/about/page.js' or its corresponding type declarations.
.next/types/validator.ts(143,39): error TS2307: Cannot find module '../../app/acceptable-use/page.js' or its corresponding type declarations.
.next/types/validator.ts(152,39): error TS2307: Cannot find module '../../app/accessibility/page.js' or its corresponding type declarations.
.next/types/validator.ts(161,39): error TS2307: Cannot find module '../../app/account-suspension/page.js' or its corresponding type declarations.
.next/types/validator.ts(170,39): error TS2307: Cannot find module '../../app/account/addresses/page.js' or its corresponding type declarations.
.next/types/validator.ts(179,39): error TS2307: Cannot find module '../../app/account/blocked-users/page.js' or its corresponding type declarations.
.next/types/validator.ts(188,39): error TS2307: Cannot find module '../../app/account/bring-your-item/page.js' or its corresponding type declarations.
.next/types/validator.ts(197,39): error TS2307: Cannot find module '../../app/account/buyer/preferences/page.js' or its corresponding type declarations.
.next/types/validator.ts(206,39): error TS2307: Cannot find module '../../app/account/buying/page.js' or its corresponding type declarations.
.next/types/validator.ts(215,39): error TS2307: Cannot find module '../../app/account/edit-profile/page.js' or its corresponding type declarations.
.next/types/validator.ts(224,39): error TS2307: Cannot find module '../../app/account/edit/page.js' or its corresponding type declarations.
.next/types/validator.ts(233,39): error TS2307: Cannot find module '../../app/account/followers/page.js' or its corresponding type declarations.
.next/types/validator.ts(242,39): error TS2307: Cannot find module '../../app/account/ideas/page.js' or its corresponding type declarations.
.next/types/validator.ts(251,39): error TS2307: Cannot find module '../../app/account/offers/page.js' or its corresponding type declarations.
.next/types/validator.ts(260,39): error TS2307: Cannot find module '../../app/account/orders/page.js' or its corresponding type declarations.
.next/types/validator.ts(269,39): error TS2307: Cannot find module '../../app/account/page.js' or its corresponding type declarations.
.next/types/validator.ts(278,39): error TS2307: Cannot find module '../../app/account/payment-methods/page.js' or its corresponding type declarations.
.next/types/validator.ts(287,39): error TS2307: Cannot find module '../../app/account/preferences/appearance/page.js' or its corresponding type declarations.
.next/types/validator.ts(296,39): error TS2307: Cannot find module '../../app/account/preferences/currency/page.js' or its corresponding type declarations.
.next/types/validator.ts(305,39): error TS2307: Cannot find module '../../app/account/preferences/language/page.js' or its corresponding type declarations.
.next/types/validator.ts(314,39): error TS2307: Cannot find module '../../app/account/preferences/timezone/page.js' or its corresponding type declarations.
.next/types/validator.ts(323,39): error TS2307: Cannot find module '../../app/account/privacy/cookies/page.js' or its corresponding type declarations.
.next/types/validator.ts(332,39): error TS2307: Cannot find module '../../app/account/privacy/page.js' or its corresponding type declarations.
.next/types/validator.ts(341,39): error TS2307: Cannot find module '../../app/account/profile/avatar/page.js' or its corresponding type declarations.
.next/types/validator.ts(350,39): error TS2307: Cannot find module '../../app/account/profile/bio/page.js' or its corresponding type declarations.
.next/types/validator.ts(359,39): error TS2307: Cannot find module '../../app/account/profile/edit/page.js' or its corresponding type declarations.
.next/types/validator.ts(368,39): error TS2307: Cannot find module '../../app/account/profile/page.js' or its corresponding type declarations.
.next/types/validator.ts(377,39): error TS2307: Cannot find module '../../app/account/promotion-tools/[entry]/page.js' or its corresponding type declarations.
.next/types/validator.ts(386,39): error TS2307: Cannot find module '../../app/account/promotion-tools/page.js' or its corresponding type declarations.
.next/types/validator.ts(395,39): error TS2307: Cannot find module '../../app/account/recently-viewed/page.js' or its corresponding type declarations.
.next/types/validator.ts(404,39): error TS2307: Cannot find module '../../app/account/reviews/page.js' or its corresponding type declarations.
.next/types/validator.ts(413,39): error TS2307: Cannot find module '../../app/account/security/devices/page.js' or its corresponding type declarations.
.next/types/validator.ts(422,39): error TS2307: Cannot find module '../../app/account/security/page.js' or its corresponding type declarations.
.next/types/validator.ts(431,39): error TS2307: Cannot find module '../../app/account/security/reset-via-email/page.js' or its corresponding type declarations.
.next/types/validator.ts(440,39): error TS2307: Cannot find module '../../app/account/security/sessions/page.js' or its corresponding type declarations.
.next/types/validator.ts(449,39): error TS2307: Cannot find module '../../app/account/security/two-factor/page.js' or its corresponding type declarations.
.next/types/validator.ts(458,39): error TS2307: Cannot find module '../../app/account/seller/shipping/page.js' or its corresponding type declarations.
.next/types/validator.ts(467,39): error TS2307: Cannot find module '../../app/account/settings/about/page.js' or its corresponding type declarations.
.next/types/validator.ts(476,39): error TS2307: Cannot find module '../../app/account/settings/bank-account/page.js' or its corresponding type declarations.
.next/types/validator.ts(485,39): error TS2307: Cannot find module '../../app/account/settings/page.js' or its corresponding type declarations.
.next/types/validator.ts(494,39): error TS2307: Cannot find module '../../app/account/settings/payment-methods/page.js' or its corresponding type declarations.
.next/types/validator.ts(503,39): error TS2307: Cannot find module '../../app/account/verification/page.js' or its corresponding type declarations.
.next/types/validator.ts(512,39): error TS2307: Cannot find module '../../app/account/wallet/page.js' or its corresponding type declarations.
.next/types/validator.ts(521,39): error TS2307: Cannot find module '../../app/admin/analytics/page.js' or its corresponding type declarations.
.next/types/validator.ts(530,39): error TS2307: Cannot find module '../../app/admin/business/page.js' or its corresponding type declarations.
.next/types/validator.ts(539,39): error TS2307: Cannot find module '../../app/admin/categories/page.js' or its corresponding type declarations.
.next/types/validator.ts(548,39): error TS2307: Cannot find module '../../app/admin/help/page.js' or its corresponding type declarations.
.next/types/validator.ts(557,39): error TS2307: Cannot find module '../../app/admin/moderation/page.js' or its corresponding type declarations.
.next/types/validator.ts(566,39): error TS2307: Cannot find module '../../app/admin/monetization/page.js' or its corresponding type declarations.
.next/types/validator.ts(575,39): error TS2307: Cannot find module '../../app/admin/operations/page.js' or its corresponding type declarations.
.next/types/validator.ts(584,39): error TS2307: Cannot find module '../../app/admin/orders/page.js' or its corresponding type declarations.
.next/types/validator.ts(593,39): error TS2307: Cannot find module '../../app/admin/page.js' or its corresponding type declarations.
.next/types/validator.ts(602,39): error TS2307: Cannot find module '../../app/admin/promotions/page.js' or its corresponding type declarations.
.next/types/validator.ts(611,39): error TS2307: Cannot find module '../../app/admin/protection/page.js' or its corresponding type declarations.
.next/types/validator.ts(620,39): error TS2307: Cannot find module '../../app/admin/seo/page.js' or its corresponding type declarations.
.next/types/validator.ts(629,39): error TS2307: Cannot find module '../../app/admin/trust/page.js' or its corresponding type declarations.
.next/types/validator.ts(638,39): error TS2307: Cannot find module '../../app/admin/wholesale/page.js' or its corresponding type declarations.
.next/types/validator.ts(647,39): error TS2307: Cannot find module '../../app/ai/page.js' or its corresponding type declarations.
.next/types/validator.ts(656,39): error TS2307: Cannot find module '../../app/analytics/page.js' or its corresponding type declarations.
.next/types/validator.ts(665,39): error TS2307: Cannot find module '../../app/assistant/page.js' or its corresponding type declarations.
.next/types/validator.ts(674,39): error TS2307: Cannot find module '../../app/auctions/page.js' or its corresponding type declarations.
.next/types/validator.ts(683,39): error TS2307: Cannot find module '../../app/balance/page.js' or its corresponding type declarations.
.next/types/validator.ts(692,39): error TS2307: Cannot find module '../../app/brand/[slug]/page.js' or its corresponding type declarations.
.next/types/validator.ts(701,39): error TS2307: Cannot find module '../../app/bring-your-item/page.js' or its corresponding type declarations.
.next/types/validator.ts(710,39): error TS2307: Cannot find module '../../app/browse/[...segments]/page.js' or its corresponding type declarations.
.next/types/validator.ts(719,39): error TS2307: Cannot find module '../../app/browse/page.js' or its corresponding type declarations.
.next/types/validator.ts(728,39): error TS2307: Cannot find module '../../app/bundle/review/page.js' or its corresponding type declarations.
.next/types/validator.ts(737,39): error TS2307: Cannot find module '../../app/business/analytics/page.js' or its corresponding type declarations.
.next/types/validator.ts(746,39): error TS2307: Cannot find module '../../app/business/center/page.js' or its corresponding type declarations.
.next/types/validator.ts(755,39): error TS2307: Cannot find module '../../app/business/dashboard/page.js' or its corresponding type declarations.
.next/types/validator.ts(764,39): error TS2307: Cannot find module '../../app/business/directory/page.js' or its corresponding type declarations.
.next/types/validator.ts(773,39): error TS2307: Cannot find module '../../app/business/followers/page.js' or its corresponding type declarations.
.next/types/validator.ts(782,39): error TS2307: Cannot find module '../../app/business/inventory/page.js' or its corresponding type declarations.
.next/types/validator.ts(791,39): error TS2307: Cannot find module '../../app/business/orders/page.js' or its corresponding type declarations.
.next/types/validator.ts(800,39): error TS2307: Cannot find module '../../app/business/page.js' or its corresponding type declarations.
.next/types/validator.ts(809,39): error TS2307: Cannot find module '../../app/business/policies/page.js' or its corresponding type declarations.
.next/types/validator.ts(818,39): error TS2307: Cannot find module '../../app/business/promotions/page.js' or its corresponding type declarations.
.next/types/validator.ts(827,39): error TS2307: Cannot find module '../../app/business/reports/page.js' or its corresponding type declarations.
.next/types/validator.ts(836,39): error TS2307: Cannot find module '../../app/business/returns/page.js' or its corresponding type declarations.
.next/types/validator.ts(845,39): error TS2307: Cannot find module '../../app/business/reviews/page.js' or its corresponding type declarations.
.next/types/validator.ts(854,39): error TS2307: Cannot find module '../../app/business/shipping/page.js' or its corresponding type declarations.
.next/types/validator.ts(863,39): error TS2307: Cannot find module '../../app/business/tax/page.js' or its corresponding type declarations.
.next/types/validator.ts(872,39): error TS2307: Cannot find module '../../app/business/verification/page.js' or its corresponding type declarations.
.next/types/validator.ts(881,39): error TS2307: Cannot find module '../../app/business/wallet/page.js' or its corresponding type declarations.
.next/types/validator.ts(890,39): error TS2307: Cannot find module '../../app/buyer-rules/page.js' or its corresponding type declarations.
.next/types/validator.ts(899,39): error TS2307: Cannot find module '../../app/buyer/page.js' or its corresponding type declarations.
.next/types/validator.ts(908,39): error TS2307: Cannot find module '../../app/cart/page.js' or its corresponding type declarations.
.next/types/validator.ts(917,39): error TS2307: Cannot find module '../../app/categories/page.js' or its corresponding type declarations.
.next/types/validator.ts(926,39): error TS2307: Cannot find module '../../app/category/[...slug]/page.js' or its corresponding type declarations.
.next/types/validator.ts(935,39): error TS2307: Cannot find module '../../app/checkout/[slug]/address/page.js' or its corresponding type declarations.
.next/types/validator.ts(944,39): error TS2307: Cannot find module '../../app/checkout/[slug]/page.js' or its corresponding type declarations.
.next/types/validator.ts(953,39): error TS2307: Cannot find module '../../app/checkout/[slug]/payment/page.js' or its corresponding type declarations.
.next/types/validator.ts(962,39): error TS2307: Cannot find module '../../app/checkout/[slug]/review/page.js' or its corresponding type declarations.
.next/types/validator.ts(971,39): error TS2307: Cannot find module '../../app/checkout/[slug]/success/page.js' or its corresponding type declarations.
.next/types/validator.ts(980,39): error TS2307: Cannot find module '../../app/checkout/page.js' or its corresponding type declarations.
.next/types/validator.ts(989,39): error TS2307: Cannot find module '../../app/checkout/success/page.js' or its corresponding type declarations.
.next/types/validator.ts(998,39): error TS2307: Cannot find module '../../app/collections/[slug]/page.js' or its corresponding type declarations.
.next/types/validator.ts(1007,39): error TS2307: Cannot find module '../../app/community/page.js' or its corresponding type declarations.
.next/types/validator.ts(1016,39): error TS2307: Cannot find module '../../app/contact/page.js' or its corresponding type declarations.
.next/types/validator.ts(1025,39): error TS2307: Cannot find module '../../app/cookie-policy/page.js' or its corresponding type declarations.
.next/types/validator.ts(1034,39): error TS2307: Cannot find module '../../app/cookies/page.js' or its corresponding type declarations.
.next/types/validator.ts(1043,39): error TS2307: Cannot find module '../../app/copyright/page.js' or its corresponding type declarations.
.next/types/validator.ts(1052,39): error TS2307: Cannot find module '../../app/dashboard/admin/page.js' or its corresponding type declarations.
.next/types/validator.ts(1061,39): error TS2307: Cannot find module '../../app/dashboard/super-admin/page.js' or its corresponding type declarations.
.next/types/validator.ts(1070,39): error TS2307: Cannot find module '../../app/data-protection/page.js' or its corresponding type declarations.
.next/types/validator.ts(1079,39): error TS2307: Cannot find module '../../app/data-retention/page.js' or its corresponding type declarations.
.next/types/validator.ts(1088,39): error TS2307: Cannot find module '../../app/delivery-policy/page.js' or its corresponding type declarations.
.next/types/validator.ts(1097,39): error TS2307: Cannot find module '../../app/discover/[slug]/page.js' or its corresponding type declarations.
.next/types/validator.ts(1106,39): error TS2307: Cannot find module '../../app/disputes-policy/page.js' or its corresponding type declarations.
.next/types/validator.ts(1115,39): error TS2307: Cannot find module '../../app/dmca/page.js' or its corresponding type declarations.
.next/types/validator.ts(1124,39): error TS2307: Cannot find module '../../app/fees/page.js' or its corresponding type declarations.
.next/types/validator.ts(1133,39): error TS2307: Cannot find module '../../app/fluency-3d-preview/page.js' or its corresponding type declarations.
.next/types/validator.ts(1142,39): error TS2307: Cannot find module '../../app/gdpr/page.js' or its corresponding type declarations.
.next/types/validator.ts(1151,39): error TS2307: Cannot find module '../../app/help/[slug]/page.js' or its corresponding type declarations.
.next/types/validator.ts(1160,39): error TS2307: Cannot find module '../../app/help/category/[slug]/page.js' or its corresponding type declarations.
.next/types/validator.ts(1169,39): error TS2307: Cannot find module '../../app/help/faq/page.js' or its corresponding type declarations.
.next/types/validator.ts(1178,39): error TS2307: Cannot find module '../../app/help/page.js' or its corresponding type declarations.
.next/types/validator.ts(1187,39): error TS2307: Cannot find module '../../app/help/policies/page.js' or its corresponding type declarations.
.next/types/validator.ts(1196,39): error TS2307: Cannot find module '../../app/import-wizard/page.js' or its corresponding type declarations.
.next/types/validator.ts(1205,39): error TS2307: Cannot find module '../../app/import/[id]/page.js' or its corresponding type declarations.
.next/types/validator.ts(1214,39): error TS2307: Cannot find module '../../app/import/page.js' or its corresponding type declarations.
.next/types/validator.ts(1223,39): error TS2307: Cannot find module '../../app/inbox/(list)/page.js' or its corresponding type declarations.
.next/types/validator.ts(1232,39): error TS2307: Cannot find module '../../app/inbox/conversation/[conversationId]/page.js' or its corresponding type declarations.
.next/types/validator.ts(1241,39): error TS2307: Cannot find module '../../app/integrations/page.js' or its corresponding type declarations.
.next/types/validator.ts(1250,39): error TS2307: Cannot find module '../../app/l/[location]/[...category]/page.js' or its corresponding type declarations.
.next/types/validator.ts(1259,39): error TS2307: Cannot find module '../../app/l/[location]/page.js' or its corresponding type declarations.
.next/types/validator.ts(1268,39): error TS2307: Cannot find module '../../app/legal/[slug]/page.js' or its corresponding type declarations.
.next/types/validator.ts(1277,39): error TS2307: Cannot find module '../../app/legal/page.js' or its corresponding type declarations.
.next/types/validator.ts(1286,39): error TS2307: Cannot find module '../../app/listing/[slug]/page.js' or its corresponding type declarations.
.next/types/validator.ts(1295,39): error TS2307: Cannot find module '../../app/messages/[id]/page.js' or its corresponding type declarations.
.next/types/validator.ts(1304,39): error TS2307: Cannot find module '../../app/messages/page.js' or its corresponding type declarations.
.next/types/validator.ts(1313,39): error TS2307: Cannot find module '../../app/notice-and-takedown/page.js' or its corresponding type declarations.
.next/types/validator.ts(1322,39): error TS2307: Cannot find module '../../app/notifications/[id]/page.js' or its corresponding type declarations.
.next/types/validator.ts(1331,39): error TS2307: Cannot find module '../../app/notifications/page.js' or its corresponding type declarations.
.next/types/validator.ts(1340,39): error TS2307: Cannot find module '../../app/notifications/preferences/page.js' or its corresponding type declarations.
.next/types/validator.ts(1349,39): error TS2307: Cannot find module '../../app/notifications/settings/page.js' or its corresponding type declarations.
.next/types/validator.ts(1358,39): error TS2307: Cannot find module '../../app/offline/page.js' or its corresponding type declarations.
.next/types/validator.ts(1367,39): error TS2307: Cannot find module '../../app/orders/[id]/page.js' or its corresponding type declarations.
.next/types/validator.ts(1376,39): error TS2307: Cannot find module '../../app/orders/[id]/tracking/page.js' or its corresponding type declarations.
.next/types/validator.ts(1385,39): error TS2307: Cannot find module '../../app/orders/page.js' or its corresponding type declarations.
.next/types/validator.ts(1394,39): error TS2307: Cannot find module '../../app/page.js' or its corresponding type declarations.
.next/types/validator.ts(1403,39): error TS2307: Cannot find module '../../app/payment-terms/page.js' or its corresponding type declarations.
.next/types/validator.ts(1412,39): error TS2307: Cannot find module '../../app/payments/page.js' or its corresponding type declarations.
.next/types/validator.ts(1421,39): error TS2307: Cannot find module '../../app/plans/page.js' or its corresponding type declarations.
.next/types/validator.ts(1430,39): error TS2307: Cannot find module '../../app/preview/exit-internal/page.js' or its corresponding type declarations.
.next/types/validator.ts(1439,39): error TS2307: Cannot find module '../../app/preview/exit/page.js' or its corresponding type declarations.
.next/types/validator.ts(1448,39): error TS2307: Cannot find module '../../app/preview/ui-12px/page.js' or its corresponding type declarations.
.next/types/validator.ts(1457,39): error TS2307: Cannot find module '../../app/preview/ui-24px/page.js' or its corresponding type declarations.
.next/types/validator.ts(1466,39): error TS2307: Cannot find module '../../app/preview/ui-internal-16px/page.js' or its corresponding type declarations.
.next/types/validator.ts(1475,39): error TS2307: Cannot find module '../../app/preview/ui-internal-24px/page.js' or its corresponding type declarations.
.next/types/validator.ts(1484,39): error TS2307: Cannot find module '../../app/privacy-policy/page.js' or its corresponding type declarations.
.next/types/validator.ts(1493,39): error TS2307: Cannot find module '../../app/privacy/page.js' or its corresponding type declarations.
.next/types/validator.ts(1502,39): error TS2307: Cannot find module '../../app/prohibited-items/page.js' or its corresponding type declarations.
.next/types/validator.ts(1511,39): error TS2307: Cannot find module '../../app/promote/page.js' or its corresponding type declarations.
.next/types/validator.ts(1520,39): error TS2307: Cannot find module '../../app/protection/page.js' or its corresponding type declarations.
.next/types/validator.ts(1529,39): error TS2307: Cannot find module '../../app/refunds/page.js' or its corresponding type declarations.
.next/types/validator.ts(1538,39): error TS2307: Cannot find module '../../app/resolution/[id]/page.js' or its corresponding type declarations.
.next/types/validator.ts(1547,39): error TS2307: Cannot find module '../../app/resolution/page.js' or its corresponding type declarations.
.next/types/validator.ts(1556,39): error TS2307: Cannot find module '../../app/returns/page.js' or its corresponding type declarations.
.next/types/validator.ts(1565,39): error TS2307: Cannot find module '../../app/saved/page.js' or its corresponding type declarations.
.next/types/validator.ts(1574,39): error TS2307: Cannot find module '../../app/search/image/results/page.js' or its corresponding type declarations.
.next/types/validator.ts(1583,39): error TS2307: Cannot find module '../../app/search/page.js' or its corresponding type declarations.
.next/types/validator.ts(1592,39): error TS2307: Cannot find module '../../app/security/page.js' or its corresponding type declarations.
.next/types/validator.ts(1601,39): error TS2307: Cannot find module '../../app/sell/auction/page.js' or its corresponding type declarations.
.next/types/validator.ts(1610,39): error TS2307: Cannot find module '../../app/sell/camera/page.js' or its corresponding type declarations.
.next/types/validator.ts(1619,39): error TS2307: Cannot find module '../../app/sell/new/page.js' or its corresponding type declarations.
.next/types/validator.ts(1628,39): error TS2307: Cannot find module '../../app/sell/page.js' or its corresponding type declarations.
.next/types/validator.ts(1637,39): error TS2307: Cannot find module '../../app/seller-rules/page.js' or its corresponding type declarations.
.next/types/validator.ts(1646,39): error TS2307: Cannot find module '../../app/seller/analytics/page.js' or its corresponding type declarations.
.next/types/validator.ts(1655,39): error TS2307: Cannot find module '../../app/seller/compliance/page.js' or its corresponding type declarations.
.next/types/validator.ts(1664,39): error TS2307: Cannot find module '../../app/seller/connectors/page.js' or its corresponding type declarations.
.next/types/validator.ts(1673,39): error TS2307: Cannot find module '../../app/seller/dashboard/page.js' or its corresponding type declarations.
.next/types/validator.ts(1682,39): error TS2307: Cannot find module '../../app/seller/listings/[id]/edit/page.js' or its corresponding type declarations.
.next/types/validator.ts(1691,39): error TS2307: Cannot find module '../../app/seller/listings/page.js' or its corresponding type declarations.
.next/types/validator.ts(1700,39): error TS2307: Cannot find module '../../app/seller/migration/[id]/page.js' or its corresponding type declarations.
.next/types/validator.ts(1709,39): error TS2307: Cannot find module '../../app/seller/migration/page.js' or its corresponding type declarations.
.next/types/validator.ts(1718,39): error TS2307: Cannot find module '../../app/seller/orders/[id]/page.js' or its corresponding type declarations.
.next/types/validator.ts(1727,39): error TS2307: Cannot find module '../../app/seller/orders/page.js' or its corresponding type declarations.
.next/types/validator.ts(1736,39): error TS2307: Cannot find module '../../app/seller/page.js' or its corresponding type declarations.
.next/types/validator.ts(1745,39): error TS2307: Cannot find module '../../app/seller/performance/page.js' or its corresponding type declarations.
.next/types/validator.ts(1754,39): error TS2307: Cannot find module '../../app/seller/promotions/page.js' or its corresponding type declarations.
.next/types/validator.ts(1763,39): error TS2307: Cannot find module '../../app/seller/review-center/[id]/page.js' or its corresponding type declarations.
.next/types/validator.ts(1772,39): error TS2307: Cannot find module '../../app/seller/review-center/page.js' or its corresponding type declarations.
.next/types/validator.ts(1781,39): error TS2307: Cannot find module '../../app/seller/shipping/page.js' or its corresponding type declarations.
.next/types/validator.ts(1790,39): error TS2307: Cannot find module '../../app/seller/tax/page.js' or its corresponding type declarations.
.next/types/validator.ts(1799,39): error TS2307: Cannot find module '../../app/seller/trust/page.js' or its corresponding type declarations.
.next/types/validator.ts(1808,39): error TS2307: Cannot find module '../../app/seller/wallet/page.js' or its corresponding type declarations.
.next/types/validator.ts(1817,39): error TS2307: Cannot find module '../../app/seller/wallet/transactions/[id]/page.js' or its corresponding type declarations.
.next/types/validator.ts(1826,39): error TS2307: Cannot find module '../../app/seller/wallet/withdraw/page.js' or its corresponding type declarations.
.next/types/validator.ts(1835,39): error TS2307: Cannot find module '../../app/settings/page.js' or its corresponding type declarations.
.next/types/validator.ts(1844,39): error TS2307: Cannot find module '../../app/shipping-policy/page.js' or its corresponding type declarations.
.next/types/validator.ts(1853,39): error TS2307: Cannot find module '../../app/shipping/page.js' or its corresponding type declarations.
.next/types/validator.ts(1862,39): error TS2307: Cannot find module '../../app/staff/calls/page.js' or its corresponding type declarations.
.next/types/validator.ts(1871,39): error TS2307: Cannot find module '../../app/staff/directory/page.js' or its corresponding type declarations.
.next/types/validator.ts(1880,39): error TS2307: Cannot find module '../../app/staff/messages/page.js' or its corresponding type declarations.
.next/types/validator.ts(1889,39): error TS2307: Cannot find module '../../app/staff/page.js' or its corresponding type declarations.
.next/types/validator.ts(1898,39): error TS2307: Cannot find module '../../app/store/[slug]/page.js' or its corresponding type declarations.
.next/types/validator.ts(1907,39): error TS2307: Cannot find module '../../app/super-admin/activity/page.js' or its corresponding type declarations.
.next/types/validator.ts(1916,39): error TS2307: Cannot find module '../../app/super-admin/ai-engine/page.js' or its corresponding type declarations.
.next/types/validator.ts(1925,39): error TS2307: Cannot find module '../../app/super-admin/ai-manager/page.js' or its corresponding type declarations.
.next/types/validator.ts(1934,39): error TS2307: Cannot find module '../../app/super-admin/ai/atlas/page.js' or its corresponding type declarations.
.next/types/validator.ts(1943,39): error TS2307: Cannot find module '../../app/super-admin/ai/guardian/page.js' or its corresponding type declarations.
.next/types/validator.ts(1952,39): error TS2307: Cannot find module '../../app/super-admin/ai/history/page.js' or its corresponding type declarations.
.next/types/validator.ts(1961,39): error TS2307: Cannot find module '../../app/super-admin/ai/logs/page.js' or its corresponding type declarations.
.next/types/validator.ts(1970,39): error TS2307: Cannot find module '../../app/super-admin/ai/omega/page.js' or its corresponding type declarations.
.next/types/validator.ts(1979,39): error TS2307: Cannot find module '../../app/super-admin/ai/oracle/page.js' or its corresponding type declarations.
.next/types/validator.ts(1988,39): error TS2307: Cannot find module '../../app/super-admin/ai/page.js' or its corresponding type declarations.
.next/types/validator.ts(1997,39): error TS2307: Cannot find module '../../app/super-admin/ai/phoenix/page.js' or its corresponding type declarations.
.next/types/validator.ts(2006,39): error TS2307: Cannot find module '../../app/super-admin/ai/predictions/page.js' or its corresponding type declarations.
.next/types/validator.ts(2015,39): error TS2307: Cannot find module '../../app/super-admin/ai/repairs/page.js' or its corresponding type declarations.
.next/types/validator.ts(2024,39): error TS2307: Cannot find module '../../app/super-admin/ai/scan/page.js' or its corresponding type declarations.
.next/types/validator.ts(2033,39): error TS2307: Cannot find module '../../app/super-admin/ai/sentinel/page.js' or its corresponding type declarations.
.next/types/validator.ts(2042,39): error TS2307: Cannot find module '../../app/super-admin/ai/titan/page.js' or its corresponding type declarations.
.next/types/validator.ts(2051,39): error TS2307: Cannot find module '../../app/super-admin/analytics-engine/page.js' or its corresponding type declarations.
.next/types/validator.ts(2060,39): error TS2307: Cannot find module '../../app/super-admin/analytics/page.js' or its corresponding type declarations.
.next/types/validator.ts(2069,39): error TS2307: Cannot find module '../../app/super-admin/app-studio/page.js' or its corresponding type declarations.
.next/types/validator.ts(2078,39): error TS2307: Cannot find module '../../app/super-admin/assets/brand-kit/page.js' or its corresponding type declarations.
.next/types/validator.ts(2087,39): error TS2307: Cannot find module '../../app/super-admin/assets/history/page.js' or its corresponding type declarations.
.next/types/validator.ts(2096,39): error TS2307: Cannot find module '../../app/super-admin/assets/library/page.js' or its corresponding type declarations.
.next/types/validator.ts(2105,39): error TS2307: Cannot find module '../../app/super-admin/assets/page.js' or its corresponding type declarations.
.next/types/validator.ts(2114,39): error TS2307: Cannot find module '../../app/super-admin/assets/storage/page.js' or its corresponding type declarations.
.next/types/validator.ts(2123,39): error TS2307: Cannot find module '../../app/super-admin/assets/usage/page.js' or its corresponding type declarations.
.next/types/validator.ts(2132,39): error TS2307: Cannot find module '../../app/super-admin/auctions/page.js' or its corresponding type declarations.
.next/types/validator.ts(2141,39): error TS2307: Cannot find module '../../app/super-admin/audit/certification/page.js' or its corresponding type declarations.
.next/types/validator.ts(2150,39): error TS2307: Cannot find module '../../app/super-admin/audit/compliance/page.js' or its corresponding type declarations.
.next/types/validator.ts(2159,39): error TS2307: Cannot find module '../../app/super-admin/audit/history/page.js' or its corresponding type declarations.
.next/types/validator.ts(2168,39): error TS2307: Cannot find module '../../app/super-admin/audit/logs/page.js' or its corresponding type declarations.
.next/types/validator.ts(2177,39): error TS2307: Cannot find module '../../app/super-admin/audit/page.js' or its corresponding type declarations.
.next/types/validator.ts(2186,39): error TS2307: Cannot find module '../../app/super-admin/audit/reports/page.js' or its corresponding type declarations.
.next/types/validator.ts(2195,39): error TS2307: Cannot find module '../../app/super-admin/automation/approvals/page.js' or its corresponding type declarations.
.next/types/validator.ts(2204,39): error TS2307: Cannot find module '../../app/super-admin/automation/dashboard/page.js' or its corresponding type declarations.
.next/types/validator.ts(2213,39): error TS2307: Cannot find module '../../app/super-admin/automation/events/page.js' or its corresponding type declarations.
.next/types/validator.ts(2222,39): error TS2307: Cannot find module '../../app/super-admin/automation/history/page.js' or its corresponding type declarations.
.next/types/validator.ts(2231,39): error TS2307: Cannot find module '../../app/super-admin/automation/monitoring/page.js' or its corresponding type declarations.
.next/types/validator.ts(2240,39): error TS2307: Cannot find module '../../app/super-admin/automation/page.js' or its corresponding type declarations.
.next/types/validator.ts(2249,39): error TS2307: Cannot find module '../../app/super-admin/automation/rules/page.js' or its corresponding type declarations.
.next/types/validator.ts(2258,39): error TS2307: Cannot find module '../../app/super-admin/automation/schedules/page.js' or its corresponding type declarations.
.next/types/validator.ts(2267,39): error TS2307: Cannot find module '../../app/super-admin/automation/settings/page.js' or its corresponding type declarations.
.next/types/validator.ts(2276,39): error TS2307: Cannot find module '../../app/super-admin/automation/templates/page.js' or its corresponding type declarations.
.next/types/validator.ts(2285,39): error TS2307: Cannot find module '../../app/super-admin/automation/versions/page.js' or its corresponding type declarations.
.next/types/validator.ts(2294,39): error TS2307: Cannot find module '../../app/super-admin/automation/workflows/page.js' or its corresponding type declarations.
.next/types/validator.ts(2303,39): error TS2307: Cannot find module '../../app/super-admin/autonomous-execution/approvals/page.js' or its corresponding type declarations.
.next/types/validator.ts(2312,39): error TS2307: Cannot find module '../../app/super-admin/autonomous-execution/decisions/page.js' or its corresponding type declarations.
.next/types/validator.ts(2321,39): error TS2307: Cannot find module '../../app/super-admin/autonomous-execution/orchestration/page.js' or its corresponding type declarations.
.next/types/validator.ts(2330,39): error TS2307: Cannot find module '../../app/super-admin/autonomous-execution/page.js' or its corresponding type declarations.
.next/types/validator.ts(2339,39): error TS2307: Cannot find module '../../app/super-admin/autonomous-execution/pipeline/page.js' or its corresponding type declarations.
.next/types/validator.ts(2348,39): error TS2307: Cannot find module '../../app/super-admin/autonomous-execution/priority/page.js' or its corresponding type declarations.
.next/types/validator.ts(2357,39): error TS2307: Cannot find module '../../app/super-admin/autonomous-execution/recovery/page.js' or its corresponding type declarations.
.next/types/validator.ts(2366,39): error TS2307: Cannot find module '../../app/super-admin/autonomous-execution/reports/page.js' or its corresponding type declarations.
.next/types/validator.ts(2375,39): error TS2307: Cannot find module '../../app/super-admin/autonomous-execution/tasks/page.js' or its corresponding type declarations.
.next/types/validator.ts(2384,39): error TS2307: Cannot find module '../../app/super-admin/autonomous-execution/workflows/page.js' or its corresponding type declarations.
.next/types/validator.ts(2393,39): error TS2307: Cannot find module '../../app/super-admin/backups/page.js' or its corresponding type declarations.
.next/types/validator.ts(2402,39): error TS2307: Cannot find module '../../app/super-admin/banners/page.js' or its corresponding type declarations.
.next/types/validator.ts(2411,39): error TS2307: Cannot find module '../../app/super-admin/bumps/page.js' or its corresponding type declarations.
.next/types/validator.ts(2420,39): error TS2307: Cannot find module '../../app/super-admin/business-intelligence/dashboard/page.js' or its corresponding type declarations.
.next/types/validator.ts(2429,39): error TS2307: Cannot find module '../../app/super-admin/business-intelligence/export/page.js' or its corresponding type declarations.
.next/types/validator.ts(2438,39): error TS2307: Cannot find module '../../app/super-admin/business-intelligence/forecasting/page.js' or its corresponding type declarations.
.next/types/validator.ts(2447,39): error TS2307: Cannot find module '../../app/super-admin/business-intelligence/kpis/page.js' or its corresponding type declarations.
.next/types/validator.ts(2456,39): error TS2307: Cannot find module '../../app/super-admin/business-intelligence/orders/page.js' or its corresponding type declarations.
.next/types/validator.ts(2465,39): error TS2307: Cannot find module '../../app/super-admin/business-intelligence/page.js' or its corresponding type declarations.
.next/types/validator.ts(2474,39): error TS2307: Cannot find module '../../app/super-admin/business-intelligence/products/page.js' or its corresponding type declarations.
.next/types/validator.ts(2483,39): error TS2307: Cannot find module '../../app/super-admin/business-intelligence/reports/page.js' or its corresponding type declarations.
.next/types/validator.ts(2492,39): error TS2307: Cannot find module '../../app/super-admin/business-intelligence/revenue/page.js' or its corresponding type declarations.
.next/types/validator.ts(2501,39): error TS2307: Cannot find module '../../app/super-admin/business-intelligence/sellers/page.js' or its corresponding type declarations.
.next/types/validator.ts(2510,39): error TS2307: Cannot find module '../../app/super-admin/business-intelligence/settings/page.js' or its corresponding type declarations.
.next/types/validator.ts(2519,39): error TS2307: Cannot find module '../../app/super-admin/business-intelligence/users/page.js' or its corresponding type declarations.
.next/types/validator.ts(2528,39): error TS2307: Cannot find module '../../app/super-admin/businesses/page.js' or its corresponding type declarations.
.next/types/validator.ts(2537,39): error TS2307: Cannot find module '../../app/super-admin/categories/page.js' or its corresponding type declarations.
.next/types/validator.ts(2546,39): error TS2307: Cannot find module '../../app/super-admin/category-management/ai/page.js' or its corresponding type declarations.
.next/types/validator.ts(2555,39): error TS2307: Cannot find module '../../app/super-admin/category-management/analytics/page.js' or its corresponding type declarations.
.next/types/validator.ts(2564,39): error TS2307: Cannot find module '../../app/super-admin/category-management/certification/page.js' or its corresponding type declarations.
.next/types/validator.ts(2573,39): error TS2307: Cannot find module '../../app/super-admin/category-management/editor/page.js' or its corresponding type declarations.
.next/types/validator.ts(2582,39): error TS2307: Cannot find module '../../app/super-admin/category-management/import-export/page.js' or its corresponding type declarations.
.next/types/validator.ts(2591,39): error TS2307: Cannot find module '../../app/super-admin/category-management/page.js' or its corresponding type declarations.
.next/types/validator.ts(2600,39): error TS2307: Cannot find module '../../app/super-admin/category-management/reports/page.js' or its corresponding type declarations.
.next/types/validator.ts(2609,39): error TS2307: Cannot find module '../../app/super-admin/category-management/tree/page.js' or its corresponding type declarations.
.next/types/validator.ts(2618,39): error TS2307: Cannot find module '../../app/super-admin/category-management/validation/page.js' or its corresponding type declarations.
.next/types/validator.ts(2627,39): error TS2307: Cannot find module '../../app/super-admin/category-management/versions/page.js' or its corresponding type declarations.
.next/types/validator.ts(2636,39): error TS2307: Cannot find module '../../app/super-admin/certification/history/page.js' or its corresponding type declarations.
.next/types/validator.ts(2645,39): error TS2307: Cannot find module '../../app/super-admin/certification/page.js' or its corresponding type declarations.
.next/types/validator.ts(2654,39): error TS2307: Cannot find module '../../app/super-admin/certification/releases/page.js' or its corresponding type declarations.
.next/types/validator.ts(2663,39): error TS2307: Cannot find module '../../app/super-admin/certification/report/page.js' or its corresponding type declarations.
.next/types/validator.ts(2672,39): error TS2307: Cannot find module '../../app/super-admin/certification/settings/page.js' or its corresponding type declarations.
.next/types/validator.ts(2681,39): error TS2307: Cannot find module '../../app/super-admin/command-os/page.js' or its corresponding type declarations.
.next/types/validator.ts(2690,39): error TS2307: Cannot find module '../../app/super-admin/command/page.js' or its corresponding type declarations.
.next/types/validator.ts(2699,39): error TS2307: Cannot find module '../../app/super-admin/compliance/audit-timeline/page.js' or its corresponding type declarations.
.next/types/validator.ts(2708,39): error TS2307: Cannot find module '../../app/super-admin/compliance/certifications/page.js' or its corresponding type declarations.
.next/types/validator.ts(2717,39): error TS2307: Cannot find module '../../app/super-admin/compliance/change-timeline/page.js' or its corresponding type declarations.
.next/types/validator.ts(2726,39): error TS2307: Cannot find module '../../app/super-admin/compliance/compliance-timeline/page.js' or its corresponding type declarations.
.next/types/validator.ts(2735,39): error TS2307: Cannot find module '../../app/super-admin/compliance/dashboard/page.js' or its corresponding type declarations.
.next/types/validator.ts(2744,39): error TS2307: Cannot find module '../../app/super-admin/compliance/evidence-vault/page.js' or its corresponding type declarations.
.next/types/validator.ts(2753,39): error TS2307: Cannot find module '../../app/super-admin/compliance/evidence/page.js' or its corresponding type declarations.
.next/types/validator.ts(2762,39): error TS2307: Cannot find module '../../app/super-admin/compliance/gap-analysis/page.js' or its corresponding type declarations.
.next/types/validator.ts(2771,39): error TS2307: Cannot find module '../../app/super-admin/compliance/history/page.js' or its corresponding type declarations.
.next/types/validator.ts(2780,39): error TS2307: Cannot find module '../../app/super-admin/compliance/integrity/page.js' or its corresponding type declarations.
.next/types/validator.ts(2789,39): error TS2307: Cannot find module '../../app/super-admin/compliance/page.js' or its corresponding type declarations.
.next/types/validator.ts(2798,39): error TS2307: Cannot find module '../../app/super-admin/compliance/policies/page.js' or its corresponding type declarations.
.next/types/validator.ts(2807,39): error TS2307: Cannot find module '../../app/super-admin/compliance/pre-audit/page.js' or its corresponding type declarations.
.next/types/validator.ts(2816,39): error TS2307: Cannot find module '../../app/super-admin/compliance/readiness/page.js' or its corresponding type declarations.
.next/types/validator.ts(2825,39): error TS2307: Cannot find module '../../app/super-admin/compliance/remediation/page.js' or its corresponding type declarations.
.next/types/validator.ts(2834,39): error TS2307: Cannot find module '../../app/super-admin/compliance/reports/page.js' or its corresponding type declarations.
.next/types/validator.ts(2843,39): error TS2307: Cannot find module '../../app/super-admin/compliance/retention/page.js' or its corresponding type declarations.
.next/types/validator.ts(2852,39): error TS2307: Cannot find module '../../app/super-admin/compliance/settings/page.js' or its corresponding type declarations.
.next/types/validator.ts(2861,39): error TS2307: Cannot find module '../../app/super-admin/coupons/page.js' or its corresponding type declarations.
.next/types/validator.ts(2870,39): error TS2307: Cannot find module '../../app/super-admin/database/page.js' or its corresponding type declarations.
.next/types/validator.ts(2879,39): error TS2307: Cannot find module '../../app/super-admin/deployment/builds/page.js' or its corresponding type declarations.
.next/types/validator.ts(2888,39): error TS2307: Cannot find module '../../app/super-admin/deployment/environments/page.js' or its corresponding type declarations.
.next/types/validator.ts(2897,39): error TS2307: Cannot find module '../../app/super-admin/deployment/page.js' or its corresponding type declarations.
.next/types/validator.ts(2906,39): error TS2307: Cannot find module '../../app/super-admin/deployment/releases/page.js' or its corresponding type declarations.
.next/types/validator.ts(2915,39): error TS2307: Cannot find module '../../app/super-admin/deployment/rollback/page.js' or its corresponding type declarations.
.next/types/validator.ts(2924,39): error TS2307: Cannot find module '../../app/super-admin/design-studio/page.js' or its corresponding type declarations.
.next/types/validator.ts(2933,39): error TS2307: Cannot find module '../../app/super-admin/developer/page.js' or its corresponding type declarations.
.next/types/validator.ts(2942,39): error TS2307: Cannot find module '../../app/super-admin/development-director/analysis/page.js' or its corresponding type declarations.
.next/types/validator.ts(2951,39): error TS2307: Cannot find module '../../app/super-admin/development-director/coordination/page.js' or its corresponding type declarations.
.next/types/validator.ts(2960,39): error TS2307: Cannot find module '../../app/super-admin/development-director/dependencies/page.js' or its corresponding type declarations.
.next/types/validator.ts(2969,39): error TS2307: Cannot find module '../../app/super-admin/development-director/discovery/page.js' or its corresponding type declarations.
.next/types/validator.ts(2978,39): error TS2307: Cannot find module '../../app/super-admin/development-director/insights/page.js' or its corresponding type declarations.
.next/types/validator.ts(2987,39): error TS2307: Cannot find module '../../app/super-admin/development-director/page.js' or its corresponding type declarations.
.next/types/validator.ts(2996,39): error TS2307: Cannot find module '../../app/super-admin/development-director/pipeline/page.js' or its corresponding type declarations.
.next/types/validator.ts(3005,39): error TS2307: Cannot find module '../../app/super-admin/development-director/repair/page.js' or its corresponding type declarations.
.next/types/validator.ts(3014,39): error TS2307: Cannot find module '../../app/super-admin/development-director/reports/page.js' or its corresponding type declarations.
.next/types/validator.ts(3023,39): error TS2307: Cannot find module '../../app/super-admin/development-director/roadmap/page.js' or its corresponding type declarations.
.next/types/validator.ts(3032,39): error TS2307: Cannot find module '../../app/super-admin/development-director/status/page.js' or its corresponding type declarations.
.next/types/validator.ts(3041,39): error TS2307: Cannot find module '../../app/super-admin/development/ai-integration/page.js' or its corresponding type declarations.
.next/types/validator.ts(3050,39): error TS2307: Cannot find module '../../app/super-admin/development/api-studio/page.js' or its corresponding type declarations.
.next/types/validator.ts(3059,39): error TS2307: Cannot find module '../../app/super-admin/development/architecture-studio/page.js' or its corresponding type declarations.
.next/types/validator.ts(3068,39): error TS2307: Cannot find module '../../app/super-admin/development/build-center/page.js' or its corresponding type declarations.
.next/types/validator.ts(3077,39): error TS2307: Cannot find module '../../app/super-admin/development/bundle-analyzer/page.js' or its corresponding type declarations.
.next/types/validator.ts(3086,39): error TS2307: Cannot find module '../../app/super-admin/development/database-studio/page.js' or its corresponding type declarations.
.next/types/validator.ts(3095,39): error TS2307: Cannot find module '../../app/super-admin/development/dependency-graph/page.js' or its corresponding type declarations.
.next/types/validator.ts(3104,39): error TS2307: Cannot find module '../../app/super-admin/development/devsecops/page.js' or its corresponding type declarations.
.next/types/validator.ts(3113,39): error TS2307: Cannot find module '../../app/super-admin/development/documentation/page.js' or its corresponding type declarations.
.next/types/validator.ts(3122,39): error TS2307: Cannot find module '../../app/super-admin/development/environment-center/page.js' or its corresponding type declarations.
.next/types/validator.ts(3131,39): error TS2307: Cannot find module '../../app/super-admin/development/module-explorer/page.js' or its corresponding type declarations.
.next/types/validator.ts(3140,39): error TS2307: Cannot find module '../../app/super-admin/development/page.js' or its corresponding type declarations.
.next/types/validator.ts(3149,39): error TS2307: Cannot find module '../../app/super-admin/development/performance/page.js' or its corresponding type declarations.
.next/types/validator.ts(3158,39): error TS2307: Cannot find module '../../app/super-admin/development/project-explorer/page.js' or its corresponding type declarations.
.next/types/validator.ts(3167,39): error TS2307: Cannot find module '../../app/super-admin/development/registry-explorer/page.js' or its corresponding type declarations.
.next/types/validator.ts(3176,39): error TS2307: Cannot find module '../../app/super-admin/development/release-pipeline/page.js' or its corresponding type declarations.
.next/types/validator.ts(3185,39): error TS2307: Cannot find module '../../app/super-admin/development/search/page.js' or its corresponding type declarations.
.next/types/validator.ts(3194,39): error TS2307: Cannot find module '../../app/super-admin/development/settings/page.js' or its corresponding type declarations.
.next/types/validator.ts(3203,39): error TS2307: Cannot find module '../../app/super-admin/development/storage-studio/page.js' or its corresponding type declarations.
.next/types/validator.ts(3212,39): error TS2307: Cannot find module '../../app/super-admin/development/technical-debt/page.js' or its corresponding type declarations.
.next/types/validator.ts(3221,39): error TS2307: Cannot find module '../../app/super-admin/e2e-validation/api/page.js' or its corresponding type declarations.
.next/types/validator.ts(3230,39): error TS2307: Cannot find module '../../app/super-admin/e2e-validation/business/page.js' or its corresponding type declarations.
.next/types/validator.ts(3239,39): error TS2307: Cannot find module '../../app/super-admin/e2e-validation/buyer/page.js' or its corresponding type declarations.
.next/types/validator.ts(3248,39): error TS2307: Cannot find module '../../app/super-admin/e2e-validation/company/page.js' or its corresponding type declarations.
.next/types/validator.ts(3257,39): error TS2307: Cannot find module '../../app/super-admin/e2e-validation/database/page.js' or its corresponding type declarations.
.next/types/validator.ts(3266,39): error TS2307: Cannot find module '../../app/super-admin/e2e-validation/failures/page.js' or its corresponding type declarations.
.next/types/validator.ts(3275,39): error TS2307: Cannot find module '../../app/super-admin/e2e-validation/page.js' or its corresponding type declarations.
.next/types/validator.ts(3284,39): error TS2307: Cannot find module '../../app/super-admin/e2e-validation/regression/page.js' or its corresponding type declarations.
.next/types/validator.ts(3293,39): error TS2307: Cannot find module '../../app/super-admin/e2e-validation/reports/page.js' or its corresponding type declarations.
.next/types/validator.ts(3302,39): error TS2307: Cannot find module '../../app/super-admin/e2e-validation/routes/page.js' or its corresponding type declarations.
.next/types/validator.ts(3311,39): error TS2307: Cannot find module '../../app/super-admin/e2e-validation/seller/page.js' or its corresponding type declarations.
.next/types/validator.ts(3320,39): error TS2307: Cannot find module '../../app/super-admin/e2e-validation/super-admin/page.js' or its corresponding type declarations.
.next/types/validator.ts(3329,39): error TS2307: Cannot find module '../../app/super-admin/e2e-validation/ui/page.js' or its corresponding type declarations.
.next/types/validator.ts(3338,39): error TS2307: Cannot find module '../../app/super-admin/email/page.js' or its corresponding type declarations.
.next/types/validator.ts(3347,39): error TS2307: Cannot find module '../../app/super-admin/enterprise-core/page.js' or its corresponding type declarations.
.next/types/validator.ts(3356,39): error TS2307: Cannot find module '../../app/super-admin/experience/page.js' or its corresponding type declarations.
.next/types/validator.ts(3365,39): error TS2307: Cannot find module '../../app/super-admin/featured/page.js' or its corresponding type declarations.
.next/types/validator.ts(3374,39): error TS2307: Cannot find module '../../app/super-admin/features/page.js' or its corresponding type declarations.
.next/types/validator.ts(3383,39): error TS2307: Cannot find module '../../app/super-admin/fraud/page.js' or its corresponding type declarations.
.next/types/validator.ts(3392,39): error TS2307: Cannot find module '../../app/super-admin/global-ui-integrity/auto-repair/page.js' or its corresponding type declarations.
.next/types/validator.ts(3401,39): error TS2307: Cannot find module '../../app/super-admin/global-ui-integrity/categories/page.js' or its corresponding type declarations.
.next/types/validator.ts(3410,39): error TS2307: Cannot find module '../../app/super-admin/global-ui-integrity/certification/page.js' or its corresponding type declarations.
.next/types/validator.ts(3419,39): error TS2307: Cannot find module '../../app/super-admin/global-ui-integrity/layout/page.js' or its corresponding type declarations.
.next/types/validator.ts(3428,39): error TS2307: Cannot find module '../../app/super-admin/global-ui-integrity/navigation/page.js' or its corresponding type declarations.
.next/types/validator.ts(3437,39): error TS2307: Cannot find module '../../app/super-admin/global-ui-integrity/page.js' or its corresponding type declarations.
.next/types/validator.ts(3446,39): error TS2307: Cannot find module '../../app/super-admin/global-ui-integrity/reports/page.js' or its corresponding type declarations.
.next/types/validator.ts(3455,39): error TS2307: Cannot find module '../../app/super-admin/global-ui-integrity/screens/page.js' or its corresponding type declarations.
.next/types/validator.ts(3464,39): error TS2307: Cannot find module '../../app/super-admin/global-ui-integrity/ui-validation/page.js' or its corresponding type declarations.
.next/types/validator.ts(3473,39): error TS2307: Cannot find module '../../app/super-admin/global-ui-integrity/ux-validation/page.js' or its corresponding type declarations.
.next/types/validator.ts(3482,39): error TS2307: Cannot find module '../../app/super-admin/governance/architecture/page.js' or its corresponding type declarations.
.next/types/validator.ts(3491,39): error TS2307: Cannot find module '../../app/super-admin/governance/audit/page.js' or its corresponding type declarations.
.next/types/validator.ts(3500,39): error TS2307: Cannot find module '../../app/super-admin/governance/certification/page.js' or its corresponding type declarations.
.next/types/validator.ts(3509,39): error TS2307: Cannot find module '../../app/super-admin/governance/compliance/page.js' or its corresponding type declarations.
.next/types/validator.ts(3518,39): error TS2307: Cannot find module '../../app/super-admin/governance/constitution/page.js' or its corresponding type declarations.
.next/types/validator.ts(3527,39): error TS2307: Cannot find module '../../app/super-admin/governance/enterprise-rules/page.js' or its corresponding type declarations.
.next/types/validator.ts(3536,39): error TS2307: Cannot find module '../../app/super-admin/governance/enterprise-score/page.js' or its corresponding type declarations.
.next/types/validator.ts(3545,39): error TS2307: Cannot find module '../../app/super-admin/governance/page.js' or its corresponding type declarations.
.next/types/validator.ts(3554,39): error TS2307: Cannot find module '../../app/super-admin/governance/reports/page.js' or its corresponding type declarations.
.next/types/validator.ts(3563,39): error TS2307: Cannot find module '../../app/super-admin/governance/technical-debt/page.js' or its corresponding type declarations.
.next/types/validator.ts(3572,39): error TS2307: Cannot find module '../../app/super-admin/governance/validation/page.js' or its corresponding type declarations.
.next/types/validator.ts(3581,39): error TS2307: Cannot find module '../../app/super-admin/grants/page.js' or its corresponding type declarations.
.next/types/validator.ts(3590,39): error TS2307: Cannot find module '../../app/super-admin/hmrc/page.js' or its corresponding type declarations.
.next/types/validator.ts(3599,39): error TS2307: Cannot find module '../../app/super-admin/homepage-builder/components/page.js' or its corresponding type declarations.
.next/types/validator.ts(3608,39): error TS2307: Cannot find module '../../app/super-admin/homepage-builder/editor/page.js' or its corresponding type declarations.
.next/types/validator.ts(3617,39): error TS2307: Cannot find module '../../app/super-admin/homepage-builder/history/page.js' or its corresponding type declarations.
.next/types/validator.ts(3626,39): error TS2307: Cannot find module '../../app/super-admin/homepage-builder/page.js' or its corresponding type declarations.
.next/types/validator.ts(3635,39): error TS2307: Cannot find module '../../app/super-admin/homepage-builder/preview/page.js' or its corresponding type declarations.
.next/types/validator.ts(3644,39): error TS2307: Cannot find module '../../app/super-admin/homepage-builder/schedule/page.js' or its corresponding type declarations.
.next/types/validator.ts(3653,39): error TS2307: Cannot find module '../../app/super-admin/homepage-builder/settings/page.js' or its corresponding type declarations.
.next/types/validator.ts(3662,39): error TS2307: Cannot find module '../../app/super-admin/homepage-certification/accessibility/page.js' or its corresponding type declarations.
.next/types/validator.ts(3671,39): error TS2307: Cannot find module '../../app/super-admin/homepage-certification/buttons/page.js' or its corresponding type declarations.
.next/types/validator.ts(3680,39): error TS2307: Cannot find module '../../app/super-admin/homepage-certification/categories/page.js' or its corresponding type declarations.
.next/types/validator.ts(3689,39): error TS2307: Cannot find module '../../app/super-admin/homepage-certification/integrity/page.js' or its corresponding type declarations.
.next/types/validator.ts(3698,39): error TS2307: Cannot find module '../../app/super-admin/homepage-certification/listings/page.js' or its corresponding type declarations.
.next/types/validator.ts(3707,39): error TS2307: Cannot find module '../../app/super-admin/homepage-certification/page.js' or its corresponding type declarations.
.next/types/validator.ts(3716,39): error TS2307: Cannot find module '../../app/super-admin/homepage-certification/performance/page.js' or its corresponding type declarations.
.next/types/validator.ts(3725,39): error TS2307: Cannot find module '../../app/super-admin/homepage-certification/reports/page.js' or its corresponding type declarations.
.next/types/validator.ts(3734,39): error TS2307: Cannot find module '../../app/super-admin/homepage-certification/responsive/page.js' or its corresponding type declarations.
.next/types/validator.ts(3743,39): error TS2307: Cannot find module '../../app/super-admin/homepage-certification/search/page.js' or its corresponding type declarations.
.next/types/validator.ts(3752,39): error TS2307: Cannot find module '../../app/super-admin/homepage-certification/sections/page.js' or its corresponding type declarations.
.next/types/validator.ts(3761,39): error TS2307: Cannot find module '../../app/super-admin/homepage-certification/seo/page.js' or its corresponding type declarations.
.next/types/validator.ts(3770,39): error TS2307: Cannot find module '../../app/super-admin/incidents/critical/page.js' or its corresponding type declarations.
.next/types/validator.ts(3779,39): error TS2307: Cannot find module '../../app/super-admin/incidents/history/page.js' or its corresponding type declarations.
.next/types/validator.ts(3788,39): error TS2307: Cannot find module '../../app/super-admin/incidents/live/page.js' or its corresponding type declarations.
.next/types/validator.ts(3797,39): error TS2307: Cannot find module '../../app/super-admin/incidents/page.js' or its corresponding type declarations.
.next/types/validator.ts(3806,39): error TS2307: Cannot find module '../../app/super-admin/incidents/playbooks/page.js' or its corresponding type declarations.
.next/types/validator.ts(3815,39): error TS2307: Cannot find module '../../app/super-admin/incidents/postmortem/page.js' or its corresponding type declarations.
.next/types/validator.ts(3824,39): error TS2307: Cannot find module '../../app/super-admin/incidents/root-cause/page.js' or its corresponding type declarations.
.next/types/validator.ts(3833,39): error TS2307: Cannot find module '../../app/super-admin/incidents/settings/page.js' or its corresponding type declarations.
.next/types/validator.ts(3842,39): error TS2307: Cannot find module '../../app/super-admin/incidents/timeline/export/page.js' or its corresponding type declarations.
.next/types/validator.ts(3851,39): error TS2307: Cannot find module '../../app/super-admin/incidents/timeline/history/page.js' or its corresponding type declarations.
.next/types/validator.ts(3860,39): error TS2307: Cannot find module '../../app/super-admin/incidents/timeline/live/page.js' or its corresponding type declarations.
.next/types/validator.ts(3869,39): error TS2307: Cannot find module '../../app/super-admin/incidents/timeline/page.js' or its corresponding type declarations.
.next/types/validator.ts(3878,39): error TS2307: Cannot find module '../../app/super-admin/incidents/timeline/search/page.js' or its corresponding type declarations.
.next/types/validator.ts(3887,39): error TS2307: Cannot find module '../../app/super-admin/integrations-engine/page.js' or its corresponding type declarations.
.next/types/validator.ts(3896,39): error TS2307: Cannot find module '../../app/super-admin/launch-certification/page.js' or its corresponding type declarations.
.next/types/validator.ts(3905,39): error TS2307: Cannot find module '../../app/super-admin/launch-readiness/cron/page.js' or its corresponding type declarations.
.next/types/validator.ts(3914,39): error TS2307: Cannot find module '../../app/super-admin/launch-readiness/deployment/page.js' or its corresponding type declarations.
.next/types/validator.ts(3923,39): error TS2307: Cannot find module '../../app/super-admin/launch-readiness/email/page.js' or its corresponding type declarations.
.next/types/validator.ts(3932,39): error TS2307: Cannot find module '../../app/super-admin/launch-readiness/health/page.js' or its corresponding type declarations.
.next/types/validator.ts(3941,39): error TS2307: Cannot find module '../../app/super-admin/launch-readiness/infrastructure/page.js' or its corresponding type declarations.
.next/types/validator.ts(3950,39): error TS2307: Cannot find module '../../app/super-admin/launch-readiness/launch-gate/page.js' or its corresponding type declarations.
.next/types/validator.ts(3959,39): error TS2307: Cannot find module '../../app/super-admin/launch-readiness/marketplace/page.js' or its corresponding type declarations.
.next/types/validator.ts(3968,39): error TS2307: Cannot find module '../../app/super-admin/launch-readiness/page.js' or its corresponding type declarations.
.next/types/validator.ts(3977,39): error TS2307: Cannot find module '../../app/super-admin/launch-readiness/performance/page.js' or its corresponding type declarations.
.next/types/validator.ts(3986,39): error TS2307: Cannot find module '../../app/super-admin/launch-readiness/push/page.js' or its corresponding type declarations.
.next/types/validator.ts(3995,39): error TS2307: Cannot find module '../../app/super-admin/launch-readiness/pwa/page.js' or its corresponding type declarations.
.next/types/validator.ts(4004,39): error TS2307: Cannot find module '../../app/super-admin/launch-readiness/queue/page.js' or its corresponding type declarations.
.next/types/validator.ts(4013,39): error TS2307: Cannot find module '../../app/super-admin/launch-readiness/reports/page.js' or its corresponding type declarations.
.next/types/validator.ts(4022,39): error TS2307: Cannot find module '../../app/super-admin/launch-readiness/security/page.js' or its corresponding type declarations.
.next/types/validator.ts(4031,39): error TS2307: Cannot find module '../../app/super-admin/listings/page.js' or its corresponding type declarations.
.next/types/validator.ts(4040,39): error TS2307: Cannot find module '../../app/super-admin/live-preview/page.js' or its corresponding type declarations.
.next/types/validator.ts(4049,39): error TS2307: Cannot find module '../../app/super-admin/marketplace-completion/buttons/page.js' or its corresponding type declarations.
.next/types/validator.ts(4058,39): error TS2307: Cannot find module '../../app/super-admin/marketplace-completion/buyer-completion/page.js' or its corresponding type declarations.
.next/types/validator.ts(4067,39): error TS2307: Cannot find module '../../app/super-admin/marketplace-completion/buyer-journey/page.js' or its corresponding type declarations.
.next/types/validator.ts(4076,39): error TS2307: Cannot find module '../../app/super-admin/marketplace-completion/categories/page.js' or its corresponding type declarations.
.next/types/validator.ts(4085,39): error TS2307: Cannot find module '../../app/super-admin/marketplace-completion/category-completion/page.js' or its corresponding type declarations.
.next/types/validator.ts(4094,39): error TS2307: Cannot find module '../../app/super-admin/marketplace-completion/certification-gate/page.js' or its corresponding type declarations.
.next/types/validator.ts(4103,39): error TS2307: Cannot find module '../../app/super-admin/marketplace-completion/certification/page.js' or its corresponding type declarations.
.next/types/validator.ts(4112,39): error TS2307: Cannot find module '../../app/super-admin/marketplace-completion/checkout-completion/page.js' or its corresponding type declarations.
.next/types/validator.ts(4121,39): error TS2307: Cannot find module '../../app/super-admin/marketplace-completion/cleanup/page.js' or its corresponding type declarations.
.next/types/validator.ts(4130,39): error TS2307: Cannot find module '../../app/super-admin/marketplace-completion/communication-completion/page.js' or its corresponding type declarations.
.next/types/validator.ts(4139,39): error TS2307: Cannot find module '../../app/super-admin/marketplace-completion/company-journey/page.js' or its corresponding type declarations.
.next/types/validator.ts(4148,39): error TS2307: Cannot find module '../../app/super-admin/marketplace-completion/components/page.js' or its corresponding type declarations.
.next/types/validator.ts(4157,39): error TS2307: Cannot find module '../../app/super-admin/marketplace-completion/consistency/page.js' or its corresponding type declarations.
.next/types/validator.ts(4166,39): error TS2307: Cannot find module '../../app/super-admin/marketplace-completion/continuous-improvement/page.js' or its corresponding type declarations.
.next/types/validator.ts(4175,39): error TS2307: Cannot find module '../../app/super-admin/marketplace-completion/director/page.js' or its corresponding type declarations.
.next/types/validator.ts(4184,39): error TS2307: Cannot find module '../../app/super-admin/marketplace-completion/enterprise-delivery/page.js' or its corresponding type declarations.
.next/types/validator.ts(4193,39): error TS2307: Cannot find module '../../app/super-admin/marketplace-completion/execution-mode/page.js' or its corresponding type declarations.
.next/types/validator.ts(4202,39): error TS2307: Cannot find module '../../app/super-admin/marketplace-completion/execution-release/page.js' or its corresponding type declarations.
.next/types/validator.ts(4211,39): error TS2307: Cannot find module '../../app/super-admin/marketplace-completion/health-scores/page.js' or its corresponding type declarations.
.next/types/validator.ts(4220,39): error TS2307: Cannot find module '../../app/super-admin/marketplace-completion/homepage-completion/page.js' or its corresponding type declarations.
.next/types/validator.ts(4229,39): error TS2307: Cannot find module '../../app/super-admin/marketplace-completion/homepage/page.js' or its corresponding type declarations.
.next/types/validator.ts(4238,39): error TS2307: Cannot find module '../../app/super-admin/marketplace-completion/improvements/page.js' or its corresponding type declarations.
.next/types/validator.ts(4247,39): error TS2307: Cannot find module '../../app/super-admin/marketplace-completion/infrastructure/page.js' or its corresponding type declarations.
.next/types/validator.ts(4256,39): error TS2307: Cannot find module '../../app/super-admin/marketplace-completion/intelligence/page.js' or its corresponding type declarations.
.next/types/validator.ts(4265,39): error TS2307: Cannot find module '../../app/super-admin/marketplace-completion/launch-gate/page.js' or its corresponding type declarations.
.next/types/validator.ts(4274,39): error TS2307: Cannot find module '../../app/super-admin/marketplace-completion/launch-mode/page.js' or its corresponding type declarations.
.next/types/validator.ts(4283,39): error TS2307: Cannot find module '../../app/super-admin/marketplace-completion/listing-completion/page.js' or its corresponding type declarations.
.next/types/validator.ts(4292,39): error TS2307: Cannot find module '../../app/super-admin/marketplace-completion/listings/page.js' or its corresponding type declarations.
.next/types/validator.ts(4301,39): error TS2307: Cannot find module '../../app/super-admin/marketplace-completion/modernization/page.js' or its corresponding type declarations.
.next/types/validator.ts(4310,39): error TS2307: Cannot find module '../../app/super-admin/marketplace-completion/modules/page.js' or its corresponding type declarations.
.next/types/validator.ts(4319,39): error TS2307: Cannot find module '../../app/super-admin/marketplace-completion/order-completion/page.js' or its corresponding type declarations.
.next/types/validator.ts(4328,39): error TS2307: Cannot find module '../../app/super-admin/marketplace-completion/page.js' or its corresponding type declarations.
.next/types/validator.ts(4337,39): error TS2307: Cannot find module '../../app/super-admin/marketplace-completion/premium/page.js' or its corresponding type declarations.
.next/types/validator.ts(4346,39): error TS2307: Cannot find module '../../app/super-admin/marketplace-completion/reports/page.js' or its corresponding type declarations.
.next/types/validator.ts(4355,39): error TS2307: Cannot find module '../../app/super-admin/marketplace-completion/routes/page.js' or its corresponding type declarations.
.next/types/validator.ts(4364,39): error TS2307: Cannot find module '../../app/super-admin/marketplace-completion/search-completion/page.js' or its corresponding type declarations.
.next/types/validator.ts(4373,39): error TS2307: Cannot find module '../../app/super-admin/marketplace-completion/search/page.js' or its corresponding type declarations.
.next/types/validator.ts(4382,39): error TS2307: Cannot find module '../../app/super-admin/marketplace-completion/seller-journey/page.js' or its corresponding type declarations.
.next/types/validator.ts(4391,39): error TS2307: Cannot find module '../../app/super-admin/marketplace-completion/shipping-completion/page.js' or its corresponding type declarations.
.next/types/validator.ts(4400,39): error TS2307: Cannot find module '../../app/super-admin/marketplace-completion/ui-integrity/page.js' or its corresponding type declarations.
.next/types/validator.ts(4409,39): error TS2307: Cannot find module '../../app/super-admin/marketplace-completion/workflows/page.js' or its corresponding type declarations.
.next/types/validator.ts(4418,39): error TS2307: Cannot find module '../../app/super-admin/marketplace-completion/zero-defect/page.js' or its corresponding type declarations.
.next/types/validator.ts(4427,39): error TS2307: Cannot find module '../../app/super-admin/marketplace-intelligence/page.js' or its corresponding type declarations.
.next/types/validator.ts(4436,39): error TS2307: Cannot find module '../../app/super-admin/marketplace-os/page.js' or its corresponding type declarations.
.next/types/validator.ts(4445,39): error TS2307: Cannot find module '../../app/super-admin/marketplace/delete-all-listings/page.js' or its corresponding type declarations.
.next/types/validator.ts(4454,39): error TS2307: Cannot find module '../../app/super-admin/menu-builder/page.js' or its corresponding type declarations.
.next/types/validator.ts(4463,39): error TS2307: Cannot find module '../../app/super-admin/messages-engine/page.js' or its corresponding type declarations.
.next/types/validator.ts(4472,39): error TS2307: Cannot find module '../../app/super-admin/mission-control-engine/page.js' or its corresponding type declarations.
.next/types/validator.ts(4481,39): error TS2307: Cannot find module '../../app/super-admin/mobile-distribution/analytics/page.js' or its corresponding type declarations.
.next/types/validator.ts(4490,39): error TS2307: Cannot find module '../../app/super-admin/mobile-distribution/compliance/page.js' or its corresponding type declarations.
.next/types/validator.ts(4499,39): error TS2307: Cannot find module '../../app/super-admin/mobile-distribution/devices/device/page.js' or its corresponding type declarations.
.next/types/validator.ts(4508,39): error TS2307: Cannot find module '../../app/super-admin/mobile-distribution/devices/health/page.js' or its corresponding type declarations.
.next/types/validator.ts(4517,39): error TS2307: Cannot find module '../../app/super-admin/mobile-distribution/devices/history/page.js' or its corresponding type declarations.
.next/types/validator.ts(4526,39): error TS2307: Cannot find module '../../app/super-admin/mobile-distribution/devices/list/page.js' or its corresponding type declarations.
.next/types/validator.ts(4535,39): error TS2307: Cannot find module '../../app/super-admin/mobile-distribution/devices/logs/page.js' or its corresponding type declarations.
.next/types/validator.ts(4544,39): error TS2307: Cannot find module '../../app/super-admin/mobile-distribution/devices/page.js' or its corresponding type declarations.
.next/types/validator.ts(4553,39): error TS2307: Cannot find module '../../app/super-admin/mobile-distribution/devices/recovery/page.js' or its corresponding type declarations.
.next/types/validator.ts(4562,39): error TS2307: Cannot find module '../../app/super-admin/mobile-distribution/devices/security/page.js' or its corresponding type declarations.
.next/types/validator.ts(4571,39): error TS2307: Cannot find module '../../app/super-admin/mobile-distribution/devices/settings/page.js' or its corresponding type declarations.
.next/types/validator.ts(4580,39): error TS2307: Cannot find module '../../app/super-admin/mobile-distribution/devices/trust/page.js' or its corresponding type declarations.
.next/types/validator.ts(4589,39): error TS2307: Cannot find module '../../app/super-admin/mobile-distribution/notifications/page.js' or its corresponding type declarations.
.next/types/validator.ts(4598,39): error TS2307: Cannot find module '../../app/super-admin/mobile-distribution/page.js' or its corresponding type declarations.
.next/types/validator.ts(4607,39): error TS2307: Cannot find module '../../app/super-admin/mobile-distribution/security/page.js' or its corresponding type declarations.
.next/types/validator.ts(4616,39): error TS2307: Cannot find module '../../app/super-admin/mobile-distribution/settings/page.js' or its corresponding type declarations.
.next/types/validator.ts(4625,39): error TS2307: Cannot find module '../../app/super-admin/mobile-distribution/versions/page.js' or its corresponding type declarations.
.next/types/validator.ts(4634,39): error TS2307: Cannot find module '../../app/super-admin/mobile/android/page.js' or its corresponding type declarations.
.next/types/validator.ts(4643,39): error TS2307: Cannot find module '../../app/super-admin/mobile/builds/page.js' or its corresponding type declarations.
.next/types/validator.ts(4652,39): error TS2307: Cannot find module '../../app/super-admin/mobile/devices/page.js' or its corresponding type declarations.
.next/types/validator.ts(4661,39): error TS2307: Cannot find module '../../app/super-admin/mobile/downloads/page.js' or its corresponding type declarations.
.next/types/validator.ts(4670,39): error TS2307: Cannot find module '../../app/super-admin/mobile/incidents/compliance/page.js' or its corresponding type declarations.
.next/types/validator.ts(4679,39): error TS2307: Cannot find module '../../app/super-admin/mobile/incidents/critical/page.js' or its corresponding type declarations.
.next/types/validator.ts(4688,39): error TS2307: Cannot find module '../../app/super-admin/mobile/incidents/dashboard/page.js' or its corresponding type declarations.
.next/types/validator.ts(4697,39): error TS2307: Cannot find module '../../app/super-admin/mobile/incidents/emergency/page.js' or its corresponding type declarations.
.next/types/validator.ts(4706,39): error TS2307: Cannot find module '../../app/super-admin/mobile/incidents/history/page.js' or its corresponding type declarations.
.next/types/validator.ts(4715,39): error TS2307: Cannot find module '../../app/super-admin/mobile/incidents/identity/page.js' or its corresponding type declarations.
.next/types/validator.ts(4724,39): error TS2307: Cannot find module '../../app/super-admin/mobile/incidents/infrastructure/page.js' or its corresponding type declarations.
.next/types/validator.ts(4733,39): error TS2307: Cannot find module '../../app/super-admin/mobile/incidents/live/page.js' or its corresponding type declarations.
.next/types/validator.ts(4742,39): error TS2307: Cannot find module '../../app/super-admin/mobile/incidents/page.js' or its corresponding type declarations.
.next/types/validator.ts(4751,39): error TS2307: Cannot find module '../../app/super-admin/mobile/incidents/payments/page.js' or its corresponding type declarations.
.next/types/validator.ts(4760,39): error TS2307: Cannot find module '../../app/super-admin/mobile/incidents/reports/page.js' or its corresponding type declarations.
.next/types/validator.ts(4769,39): error TS2307: Cannot find module '../../app/super-admin/mobile/incidents/security/page.js' or its corresponding type declarations.
.next/types/validator.ts(4778,39): error TS2307: Cannot find module '../../app/super-admin/mobile/incidents/settings/page.js' or its corresponding type declarations.
.next/types/validator.ts(4787,39): error TS2307: Cannot find module '../../app/super-admin/mobile/incidents/wallet/page.js' or its corresponding type declarations.
.next/types/validator.ts(4796,39): error TS2307: Cannot find module '../../app/super-admin/mobile/ios/page.js' or its corresponding type declarations.
.next/types/validator.ts(4805,39): error TS2307: Cannot find module '../../app/super-admin/mobile/omega/alerts/page.js' or its corresponding type declarations.
.next/types/validator.ts(4814,39): error TS2307: Cannot find module '../../app/super-admin/mobile/omega/analytics/page.js' or its corresponding type declarations.
.next/types/validator.ts(4823,39): error TS2307: Cannot find module '../../app/super-admin/mobile/omega/certifications/page.js' or its corresponding type declarations.
.next/types/validator.ts(4832,39): error TS2307: Cannot find module '../../app/super-admin/mobile/omega/dashboard/page.js' or its corresponding type declarations.
.next/types/validator.ts(4841,39): error TS2307: Cannot find module '../../app/super-admin/mobile/omega/executive-command/page.js' or its corresponding type declarations.
.next/types/validator.ts(4850,39): error TS2307: Cannot find module '../../app/super-admin/mobile/omega/health/page.js' or its corresponding type declarations.
.next/types/validator.ts(4859,39): error TS2307: Cannot find module '../../app/super-admin/mobile/omega/infrastructure/page.js' or its corresponding type declarations.
.next/types/validator.ts(4868,39): error TS2307: Cannot find module '../../app/super-admin/mobile/omega/live/page.js' or its corresponding type declarations.
.next/types/validator.ts(4877,39): error TS2307: Cannot find module '../../app/super-admin/mobile/omega/page.js' or its corresponding type declarations.
.next/types/validator.ts(4886,39): error TS2307: Cannot find module '../../app/super-admin/mobile/omega/performance/page.js' or its corresponding type declarations.
.next/types/validator.ts(4895,39): error TS2307: Cannot find module '../../app/super-admin/mobile/omega/releases/page.js' or its corresponding type declarations.
.next/types/validator.ts(4904,39): error TS2307: Cannot find module '../../app/super-admin/mobile/omega/reports/page.js' or its corresponding type declarations.
.next/types/validator.ts(4913,39): error TS2307: Cannot find module '../../app/super-admin/mobile/omega/scans/page.js' or its corresponding type declarations.
.next/types/validator.ts(4922,39): error TS2307: Cannot find module '../../app/super-admin/mobile/omega/security/page.js' or its corresponding type declarations.
.next/types/validator.ts(4931,39): error TS2307: Cannot find module '../../app/super-admin/mobile/omega/settings/page.js' or its corresponding type declarations.
.next/types/validator.ts(4940,39): error TS2307: Cannot find module '../../app/super-admin/mobile/ota/page.js' or its corresponding type declarations.
.next/types/validator.ts(4949,39): error TS2307: Cannot find module '../../app/super-admin/mobile/page.js' or its corresponding type declarations.
.next/types/validator.ts(4958,39): error TS2307: Cannot find module '../../app/super-admin/mobile/push/page.js' or its corresponding type declarations.
.next/types/validator.ts(4967,39): error TS2307: Cannot find module '../../app/super-admin/moderation/page.js' or its corresponding type declarations.
.next/types/validator.ts(4976,39): error TS2307: Cannot find module '../../app/super-admin/module-registry/dependencies/page.js' or its corresponding type declarations.
.next/types/validator.ts(4985,39): error TS2307: Cannot find module '../../app/super-admin/module-registry/health/page.js' or its corresponding type declarations.
.next/types/validator.ts(4994,39): error TS2307: Cannot find module '../../app/super-admin/module-registry/history/page.js' or its corresponding type declarations.
.next/types/validator.ts(5003,39): error TS2307: Cannot find module '../../app/super-admin/module-registry/modules/page.js' or its corresponding type declarations.
.next/types/validator.ts(5012,39): error TS2307: Cannot find module '../../app/super-admin/module-registry/page.js' or its corresponding type declarations.
.next/types/validator.ts(5021,39): error TS2307: Cannot find module '../../app/super-admin/module-registry/search/page.js' or its corresponding type declarations.
.next/types/validator.ts(5030,39): error TS2307: Cannot find module '../../app/super-admin/monitoring/page.js' or its corresponding type declarations.
.next/types/validator.ts(5039,39): error TS2307: Cannot find module '../../app/super-admin/notifications-engine/page.js' or its corresponding type declarations.
.next/types/validator.ts(5048,39): error TS2307: Cannot find module '../../app/super-admin/notifications/page.js' or its corresponding type declarations.
.next/types/validator.ts(5057,39): error TS2307: Cannot find module '../../app/super-admin/observability/alerts/page.js' or its corresponding type declarations.
.next/types/validator.ts(5066,39): error TS2307: Cannot find module '../../app/super-admin/observability/capacity/page.js' or its corresponding type declarations.
.next/types/validator.ts(5075,39): error TS2307: Cannot find module '../../app/super-admin/observability/diagnostics/page.js' or its corresponding type declarations.
.next/types/validator.ts(5084,39): error TS2307: Cannot find module '../../app/super-admin/observability/monitoring/page.js' or its corresponding type declarations.
.next/types/validator.ts(5093,39): error TS2307: Cannot find module '../../app/super-admin/observability/omega/page.js' or its corresponding type declarations.
.next/types/validator.ts(5102,39): error TS2307: Cannot find module '../../app/super-admin/observability/page.js' or its corresponding type declarations.
.next/types/validator.ts(5111,39): error TS2307: Cannot find module '../../app/super-admin/observability/reports/page.js' or its corresponding type declarations.
.next/types/validator.ts(5120,39): error TS2307: Cannot find module '../../app/super-admin/observability/telemetry/page.js' or its corresponding type declarations.
.next/types/validator.ts(5129,39): error TS2307: Cannot find module '../../app/super-admin/observability/timeline/page.js' or its corresponding type declarations.
.next/types/validator.ts(5138,39): error TS2307: Cannot find module '../../app/super-admin/observability/topology/page.js' or its corresponding type declarations.
.next/types/validator.ts(5147,39): error TS2307: Cannot find module '../../app/super-admin/omega/page.js' or its corresponding type declarations.
.next/types/validator.ts(5156,39): error TS2307: Cannot find module '../../app/super-admin/operations/ai/page.js' or its corresponding type declarations.
.next/types/validator.ts(5165,39): error TS2307: Cannot find module '../../app/super-admin/operations/alerts/page.js' or its corresponding type declarations.
.next/types/validator.ts(5174,39): error TS2307: Cannot find module '../../app/super-admin/operations/health/page.js' or its corresponding type declarations.
.next/types/validator.ts(5183,39): error TS2307: Cannot find module '../../app/super-admin/operations/incidents/page.js' or its corresponding type declarations.
.next/types/validator.ts(5192,39): error TS2307: Cannot find module '../../app/super-admin/operations/logs/page.js' or its corresponding type declarations.
.next/types/validator.ts(5201,39): error TS2307: Cannot find module '../../app/super-admin/operations/maintenance/page.js' or its corresponding type declarations.
.next/types/validator.ts(5210,39): error TS2307: Cannot find module '../../app/super-admin/operations/page.js' or its corresponding type declarations.
.next/types/validator.ts(5219,39): error TS2307: Cannot find module '../../app/super-admin/operations/recovery/page.js' or its corresponding type declarations.
.next/types/validator.ts(5228,39): error TS2307: Cannot find module '../../app/super-admin/orders-engine/page.js' or its corresponding type declarations.
.next/types/validator.ts(5237,39): error TS2307: Cannot find module '../../app/super-admin/orders/page.js' or its corresponding type declarations.
.next/types/validator.ts(5246,39): error TS2307: Cannot find module '../../app/super-admin/organic-growth/page.js' or its corresponding type declarations.
.next/types/validator.ts(5255,39): error TS2307: Cannot find module '../../app/super-admin/owner-demo-mode/page.js' or its corresponding type declarations.
.next/types/validator.ts(5264,39): error TS2307: Cannot find module '../../app/super-admin/page.js' or its corresponding type declarations.
.next/types/validator.ts(5273,39): error TS2307: Cannot find module '../../app/super-admin/payments-engine/page.js' or its corresponding type declarations.
.next/types/validator.ts(5282,39): error TS2307: Cannot find module '../../app/super-admin/payments/page.js' or its corresponding type declarations.
.next/types/validator.ts(5291,39): error TS2307: Cannot find module '../../app/super-admin/platform-studio/page.js' or its corresponding type declarations.
.next/types/validator.ts(5300,39): error TS2307: Cannot find module '../../app/super-admin/platform/page.js' or its corresponding type declarations.
.next/types/validator.ts(5309,39): error TS2307: Cannot find module '../../app/super-admin/preferred-marketplace-stores/page.js' or its corresponding type declarations.
.next/types/validator.ts(5318,39): error TS2307: Cannot find module '../../app/super-admin/premium-design/page.js' or its corresponding type declarations.
.next/types/validator.ts(5327,39): error TS2307: Cannot find module '../../app/super-admin/pricing/page.js' or its corresponding type declarations.
.next/types/validator.ts(5336,39): error TS2307: Cannot find module '../../app/super-admin/production-assets/page.js' or its corresponding type declarations.
.next/types/validator.ts(5345,39): error TS2307: Cannot find module '../../app/super-admin/promotion-catalog/page.js' or its corresponding type declarations.
.next/types/validator.ts(5354,39): error TS2307: Cannot find module '../../app/super-admin/promotion-management/page.js' or its corresponding type declarations.
.next/types/validator.ts(5363,39): error TS2307: Cannot find module '../../app/super-admin/promotions/page.js' or its corresponding type declarations.
.next/types/validator.ts(5372,39): error TS2307: Cannot find module '../../app/super-admin/protection-engine/page.js' or its corresponding type declarations.
.next/types/validator.ts(5381,39): error TS2307: Cannot find module '../../app/super-admin/quality-assurance/ai/page.js' or its corresponding type declarations.
.next/types/validator.ts(5390,39): error TS2307: Cannot find module '../../app/super-admin/quality-assurance/buttons/page.js' or its corresponding type declarations.
.next/types/validator.ts(5399,39): error TS2307: Cannot find module '../../app/super-admin/quality-assurance/certification/page.js' or its corresponding type declarations.
.next/types/validator.ts(5408,39): error TS2307: Cannot find module '../../app/super-admin/quality-assurance/coverage/page.js' or its corresponding type declarations.
.next/types/validator.ts(5417,39): error TS2307: Cannot find module '../../app/super-admin/quality-assurance/fix/page.js' or its corresponding type declarations.
.next/types/validator.ts(5426,39): error TS2307: Cannot find module '../../app/super-admin/quality-assurance/flows/page.js' or its corresponding type declarations.
.next/types/validator.ts(5435,39): error TS2307: Cannot find module '../../app/super-admin/quality-assurance/modules/page.js' or its corresponding type declarations.
.next/types/validator.ts(5444,39): error TS2307: Cannot find module '../../app/super-admin/quality-assurance/page.js' or its corresponding type declarations.
.next/types/validator.ts(5453,39): error TS2307: Cannot find module '../../app/super-admin/quality-assurance/platform/page.js' or its corresponding type declarations.
.next/types/validator.ts(5462,39): error TS2307: Cannot find module '../../app/super-admin/quality-assurance/priority/page.js' or its corresponding type declarations.
.next/types/validator.ts(5471,39): error TS2307: Cannot find module '../../app/super-admin/quality-assurance/reports/page.js' or its corresponding type declarations.
.next/types/validator.ts(5480,39): error TS2307: Cannot find module '../../app/super-admin/quick-listing/page.js' or its corresponding type declarations.
.next/types/validator.ts(5489,39): error TS2307: Cannot find module '../../app/super-admin/recovery/backups/page.js' or its corresponding type declarations.
.next/types/validator.ts(5498,39): error TS2307: Cannot find module '../../app/super-admin/recovery/history/page.js' or its corresponding type declarations.
.next/types/validator.ts(5507,39): error TS2307: Cannot find module '../../app/super-admin/recovery/incidents/page.js' or its corresponding type declarations.
.next/types/validator.ts(5516,39): error TS2307: Cannot find module '../../app/super-admin/recovery/page.js' or its corresponding type declarations.
.next/types/validator.ts(5525,39): error TS2307: Cannot find module '../../app/super-admin/recovery/rollback/page.js' or its corresponding type declarations.
.next/types/validator.ts(5534,39): error TS2307: Cannot find module '../../app/super-admin/recovery/safe-mode/page.js' or its corresponding type declarations.
.next/types/validator.ts(5543,39): error TS2307: Cannot find module '../../app/super-admin/reports/page.js' or its corresponding type declarations.
.next/types/validator.ts(5552,39): error TS2307: Cannot find module '../../app/super-admin/resolution-engine/page.js' or its corresponding type declarations.
.next/types/validator.ts(5561,39): error TS2307: Cannot find module '../../app/super-admin/revenue/page.js' or its corresponding type declarations.
.next/types/validator.ts(5570,39): error TS2307: Cannot find module '../../app/super-admin/reviews/page.js' or its corresponding type declarations.
.next/types/validator.ts(5579,39): error TS2307: Cannot find module '../../app/super-admin/rovexo-ideas/page.js' or its corresponding type declarations.
.next/types/validator.ts(5588,39): error TS2307: Cannot find module '../../app/super-admin/search-engine/page.js' or its corresponding type declarations.
.next/types/validator.ts(5597,39): error TS2307: Cannot find module '../../app/super-admin/search/page.js' or its corresponding type declarations.
.next/types/validator.ts(5606,39): error TS2307: Cannot find module '../../app/super-admin/security-engine/page.js' or its corresponding type declarations.
.next/types/validator.ts(5615,39): error TS2307: Cannot find module '../../app/super-admin/security/audit/page.js' or its corresponding type declarations.
.next/types/validator.ts(5624,39): error TS2307: Cannot find module '../../app/super-admin/security/compliance/page.js' or its corresponding type declarations.
.next/types/validator.ts(5633,39): error TS2307: Cannot find module '../../app/super-admin/security/dashboard/page.js' or its corresponding type declarations.
.next/types/validator.ts(5642,39): error TS2307: Cannot find module '../../app/super-admin/security/devices/page.js' or its corresponding type declarations.
.next/types/validator.ts(5651,39): error TS2307: Cannot find module '../../app/super-admin/security/firewall/page.js' or its corresponding type declarations.
.next/types/validator.ts(5660,39): error TS2307: Cannot find module '../../app/super-admin/security/live/page.js' or its corresponding type declarations.
.next/types/validator.ts(5669,39): error TS2307: Cannot find module '../../app/super-admin/security/page.js' or its corresponding type declarations.
.next/types/validator.ts(5678,39): error TS2307: Cannot find module '../../app/super-admin/security/scanner/page.js' or its corresponding type declarations.
.next/types/validator.ts(5687,39): error TS2307: Cannot find module '../../app/super-admin/security/sessions/page.js' or its corresponding type declarations.
.next/types/validator.ts(5696,39): error TS2307: Cannot find module '../../app/super-admin/security/settings/page.js' or its corresponding type declarations.
.next/types/validator.ts(5705,39): error TS2307: Cannot find module '../../app/super-admin/security/threats/page.js' or its corresponding type declarations.
.next/types/validator.ts(5714,39): error TS2307: Cannot find module '../../app/super-admin/security/vulnerabilities/page.js' or its corresponding type declarations.
.next/types/validator.ts(5723,39): error TS2307: Cannot find module '../../app/super-admin/seller-performance/page.js' or its corresponding type declarations.
.next/types/validator.ts(5732,39): error TS2307: Cannot find module '../../app/super-admin/seo/page.js' or its corresponding type declarations.
.next/types/validator.ts(5741,39): error TS2307: Cannot find module '../../app/super-admin/shipping-engine/page.js' or its corresponding type declarations.
.next/types/validator.ts(5750,39): error TS2307: Cannot find module '../../app/super-admin/staff/page.js' or its corresponding type declarations.
.next/types/validator.ts(5759,39): error TS2307: Cannot find module '../../app/super-admin/subscriptions/page.js' or its corresponding type declarations.
.next/types/validator.ts(5768,39): error TS2307: Cannot find module '../../app/super-admin/support/page.js' or its corresponding type declarations.
.next/types/validator.ts(5777,39): error TS2307: Cannot find module '../../app/super-admin/theme-history/page.js' or its corresponding type declarations.
.next/types/validator.ts(5786,39): error TS2307: Cannot find module '../../app/super-admin/theme-manager/page.js' or its corresponding type declarations.
.next/types/validator.ts(5795,39): error TS2307: Cannot find module '../../app/super-admin/theme-studio/page.js' or its corresponding type declarations.
.next/types/validator.ts(5804,39): error TS2307: Cannot find module '../../app/super-admin/trust/page.js' or its corresponding type declarations.
.next/types/validator.ts(5813,39): error TS2307: Cannot find module '../../app/super-admin/users/page.js' or its corresponding type declarations.
.next/types/validator.ts(5822,39): error TS2307: Cannot find module '../../app/super-admin/verification/page.js' or its corresponding type declarations.
.next/types/validator.ts(5831,39): error TS2307: Cannot find module '../../app/super-admin/visitors/page.js' or its corresponding type declarations.
.next/types/validator.ts(5840,39): error TS2307: Cannot find module '../../app/super-admin/visual-cms/page.js' or its corresponding type declarations.
.next/types/validator.ts(5849,39): error TS2307: Cannot find module '../../app/super-admin/wallet-engine/page.js' or its corresponding type declarations.
.next/types/validator.ts(5858,39): error TS2307: Cannot find module '../../app/super-admin/wallet/page.js' or its corresponding type declarations.
.next/types/validator.ts(5867,39): error TS2307: Cannot find module '../../app/super-admin/workflows/analytics/page.js' or its corresponding type declarations.
.next/types/validator.ts(5876,39): error TS2307: Cannot find module '../../app/super-admin/workflows/approvals/page.js' or its corresponding type declarations.
.next/types/validator.ts(5885,39): error TS2307: Cannot find module '../../app/super-admin/workflows/builder/page.js' or its corresponding type declarations.
.next/types/validator.ts(5894,39): error TS2307: Cannot find module '../../app/super-admin/workflows/executions/page.js' or its corresponding type declarations.
.next/types/validator.ts(5903,39): error TS2307: Cannot find module '../../app/super-admin/workflows/history/page.js' or its corresponding type declarations.
.next/types/validator.ts(5912,39): error TS2307: Cannot find module '../../app/super-admin/workflows/list/page.js' or its corresponding type declarations.
.next/types/validator.ts(5921,39): error TS2307: Cannot find module '../../app/super-admin/workflows/page.js' or its corresponding type declarations.
.next/types/validator.ts(5930,39): error TS2307: Cannot find module '../../app/super-admin/workflows/scheduler/page.js' or its corresponding type declarations.
.next/types/validator.ts(5939,39): error TS2307: Cannot find module '../../app/super-admin/workflows/settings/page.js' or its corresponding type declarations.
.next/types/validator.ts(5948,39): error TS2307: Cannot find module '../../app/super-admin/workflows/templates/page.js' or its corresponding type declarations.
.next/types/validator.ts(5957,39): error TS2307: Cannot find module '../../app/super-admin/workflows/versions/page.js' or its corresponding type declarations.
.next/types/validator.ts(5966,39): error TS2307: Cannot find module '../../app/support/page.js' or its corresponding type declarations.
.next/types/validator.ts(5975,39): error TS2307: Cannot find module '../../app/support/success/page.js' or its corresponding type declarations.
.next/types/validator.ts(5984,39): error TS2307: Cannot find module '../../app/takedown/page.js' or its corresponding type declarations.
.next/types/validator.ts(5993,39): error TS2307: Cannot find module '../../app/terms-of-sale/page.js' or its corresponding type declarations.
.next/types/validator.ts(6002,39): error TS2307: Cannot find module '../../app/terms-of-service/page.js' or its corresponding type declarations.
.next/types/validator.ts(6011,39): error TS2307: Cannot find module '../../app/terms/page.js' or its corresponding type declarations.
.next/types/validator.ts(6020,39): error TS2307: Cannot find module '../../app/trends/[slug]/page.js' or its corresponding type declarations.
.next/types/validator.ts(6029,39): error TS2307: Cannot find module '../../app/trust-center/page.js' or its corresponding type declarations.
.next/types/validator.ts(6038,39): error TS2307: Cannot find module '../../app/trust/page.js' or its corresponding type declarations.
.next/types/validator.ts(6047,39): error TS2307: Cannot find module '../../app/ui-lock/commerce/page.js' or its corresponding type declarations.
.next/types/validator.ts(6056,39): error TS2307: Cannot find module '../../app/user/[username]/followers/page.js' or its corresponding type declarations.
.next/types/validator.ts(6065,39): error TS2307: Cannot find module '../../app/user/[username]/following/page.js' or its corresponding type declarations.
.next/types/validator.ts(6074,39): error TS2307: Cannot find module '../../app/user/[username]/page.js' or its corresponding type declarations.
.next/types/validator.ts(6083,39): error TS2307: Cannot find module '../../app/verification-policy/page.js' or its corresponding type declarations.
.next/types/validator.ts(6092,39): error TS2307: Cannot find module '../../app/wallet-terms/page.js' or its corresponding type declarations.
.next/types/validator.ts(6101,39): error TS2307: Cannot find module '../../app/wallet/bank-account/page.js' or its corresponding type declarations.
.next/types/validator.ts(6110,39): error TS2307: Cannot find module '../../app/wallet/bank-accounts/page.js' or its corresponding type declarations.
.next/types/validator.ts(6119,39): error TS2307: Cannot find module '../../app/wallet/locked/page.js' or its corresponding type declarations.
.next/types/validator.ts(6128,39): error TS2307: Cannot find module '../../app/wallet/page.js' or its corresponding type declarations.
.next/types/validator.ts(6137,39): error TS2307: Cannot find module '../../app/wallet/payment-methods/page.js' or its corresponding type declarations.
.next/types/validator.ts(6146,39): error TS2307: Cannot find module '../../app/wallet/payouts/page.js' or its corresponding type declarations.
.next/types/validator.ts(6155,39): error TS2307: Cannot find module '../../app/wallet/pending/page.js' or its corresponding type declarations.
.next/types/validator.ts(6164,39): error TS2307: Cannot find module '../../app/wallet/processing/page.js' or its corresponding type declarations.
.next/types/validator.ts(6173,39): error TS2307: Cannot find module '../../app/wallet/statements/[period]/page.js' or its corresponding type declarations.
.next/types/validator.ts(6182,39): error TS2307: Cannot find module '../../app/wallet/statements/annual/[year]/page.js' or its corresponding type declarations.
.next/types/validator.ts(6191,39): error TS2307: Cannot find module '../../app/wallet/statements/annual/page.js' or its corresponding type declarations.
.next/types/validator.ts(6200,39): error TS2307: Cannot find module '../../app/wallet/statements/page.js' or its corresponding type declarations.
.next/types/validator.ts(6209,39): error TS2307: Cannot find module '../../app/wallet/transactions/[id]/page.js' or its corresponding type declarations.
.next/types/validator.ts(6218,39): error TS2307: Cannot find module '../../app/wallet/transactions/page.js' or its corresponding type declarations.
.next/types/validator.ts(6227,39): error TS2307: Cannot find module '../../app/wallet/withdraw/page.js' or its corresponding type declarations.
.next/types/validator.ts(6236,39): error TS2307: Cannot find module '../../app/wholesale/page.js' or its corresponding type declarations.
.next/types/validator.ts(11636,39): error TS2307: Cannot find module '../../app/auth/callback/route.js' or its corresponding type declarations.
.next/types/validator.ts(11645,39): error TS2307: Cannot find module '../../app/auth/signout/route.js' or its corresponding type declarations.
.next/types/validator.ts(11721,39): error TS2307: Cannot find module '../../app/admin/layout.js' or its corresponding type declarations.
.next/types/validator.ts(11730,39): error TS2307: Cannot find module '../../app/business/layout.js' or its corresponding type declarations.
.next/types/validator.ts(11739,39): error TS2307: Cannot find module '../../app/dashboard/layout.js' or its corresponding type declarations.
.next/types/validator.ts(11757,39): error TS2307: Cannot find module '../../app/seller/layout.js' or its corresponding type declarations.
.next/types/validator.ts(11766,39): error TS2307: Cannot find module '../../app/staff/layout.js' or its corresponding type declarations.
.next/types/validator.ts(11775,39): error TS2307: Cannot find module '../../app/super-admin/layout.js' or its corresponding type declarations.
.next/types/validator.ts(11784,39): error TS2307: Cannot find module '../../app/super-admin/marketplace-completion/layout.js' or its corresponding type declarations.
